--------------------------------------------------------
--  File created - Sunday-January-16-2022   
--------------------------------------------------------
--------------------------------------------------------
--  DDL for Table CUSTOMER
--------------------------------------------------------

  CREATE TABLE "CATERING"."CUSTOMER" 
   (	"CUST_ID" VARCHAR2(60 BYTE), 
	"CUST_NAME" VARCHAR2(30 BYTE), 
	"CUST_ADDRESS" VARCHAR2(80 BYTE), 
	"CUST_PHONE" VARCHAR2(20 BYTE), 
	"CUST_PASSWORD" VARCHAR2(30 BYTE)
   ) SEGMENT CREATION IMMEDIATE 
  PCTFREE 10 PCTUSED 40 INITRANS 1 MAXTRANS 255 NOCOMPRESS LOGGING
  STORAGE(INITIAL 65536 NEXT 1048576 MINEXTENTS 1 MAXEXTENTS 2147483645
  PCTINCREASE 0 FREELISTS 1 FREELIST GROUPS 1 BUFFER_POOL DEFAULT FLASH_CACHE DEFAULT CELL_FLASH_CACHE DEFAULT)
  TABLESPACE "SYSTEM" ;
--------------------------------------------------------
--  DDL for Table FOODS
--------------------------------------------------------

  CREATE TABLE "CATERING"."FOODS" 
   (	"PRODUCT_ID" VARCHAR2(20 BYTE), 
	"FOOD_TYPE" VARCHAR2(20 BYTE)
   ) SEGMENT CREATION IMMEDIATE 
  PCTFREE 10 PCTUSED 40 INITRANS 1 MAXTRANS 255 NOCOMPRESS LOGGING
  STORAGE(INITIAL 65536 NEXT 1048576 MINEXTENTS 1 MAXEXTENTS 2147483645
  PCTINCREASE 0 FREELISTS 1 FREELIST GROUPS 1 BUFFER_POOL DEFAULT FLASH_CACHE DEFAULT CELL_FLASH_CACHE DEFAULT)
  TABLESPACE "SYSTEM" ;
--------------------------------------------------------
--  DDL for Table ORDERITEM
--------------------------------------------------------

  CREATE TABLE "CATERING"."ORDERITEM" 
   (	"ORDER_ID" NUMBER, 
	"PRODUCT_ID" VARCHAR2(100 BYTE), 
	"PRODUCT_UNITQUANTITY" NUMBER
   ) SEGMENT CREATION IMMEDIATE 
  PCTFREE 10 PCTUSED 40 INITRANS 1 MAXTRANS 255 NOCOMPRESS LOGGING
  STORAGE(INITIAL 65536 NEXT 1048576 MINEXTENTS 1 MAXEXTENTS 2147483645
  PCTINCREASE 0 FREELISTS 1 FREELIST GROUPS 1 BUFFER_POOL DEFAULT FLASH_CACHE DEFAULT CELL_FLASH_CACHE DEFAULT)
  TABLESPACE "SYSTEM" ;
--------------------------------------------------------
--  DDL for Table ORDERS
--------------------------------------------------------

  CREATE TABLE "CATERING"."ORDERS" 
   (	"ORDER_ID" NUMBER, 
	"ORDER_TOTALAMOUNT" FLOAT(126), 
	"ORDER_DATE" DATE, 
	"ORDER_ADDRESS" VARCHAR2(500 BYTE), 
	"ORDER_STATUS" VARCHAR2(50 BYTE), 
	"CUST_ID" VARCHAR2(100 BYTE)
   ) SEGMENT CREATION IMMEDIATE 
  PCTFREE 10 PCTUSED 40 INITRANS 1 MAXTRANS 255 NOCOMPRESS LOGGING
  STORAGE(INITIAL 65536 NEXT 1048576 MINEXTENTS 1 MAXEXTENTS 2147483645
  PCTINCREASE 0 FREELISTS 1 FREELIST GROUPS 1 BUFFER_POOL DEFAULT FLASH_CACHE DEFAULT CELL_FLASH_CACHE DEFAULT)
  TABLESPACE "SYSTEM" ;
--------------------------------------------------------
--  DDL for Table PRODUCTS
--------------------------------------------------------

  CREATE TABLE "CATERING"."PRODUCTS" 
   (	"PRODUCT_ID" VARCHAR2(20 BYTE), 
	"PRODUCT_NAME" VARCHAR2(20 BYTE), 
	"PRODUCT_UNITPRICE" FLOAT(126), 
	"PRODUCT_TYPE" VARCHAR2(20 BYTE), 
	"PRODUCT_IMAGE" BLOB, 
	"STAFF_ID" VARCHAR2(60 BYTE)
   ) SEGMENT CREATION IMMEDIATE 
  PCTFREE 10 PCTUSED 40 INITRANS 1 MAXTRANS 255 NOCOMPRESS LOGGING
  STORAGE(INITIAL 65536 NEXT 1048576 MINEXTENTS 1 MAXEXTENTS 2147483645
  PCTINCREASE 0 FREELISTS 1 FREELIST GROUPS 1 BUFFER_POOL DEFAULT FLASH_CACHE DEFAULT CELL_FLASH_CACHE DEFAULT)
  TABLESPACE "SYSTEM" 
 LOB ("PRODUCT_IMAGE") STORE AS BASICFILE (
  TABLESPACE "SYSTEM" ENABLE STORAGE IN ROW CHUNK 8192 RETENTION 
  NOCACHE LOGGING 
  STORAGE(INITIAL 65536 NEXT 1048576 MINEXTENTS 1 MAXEXTENTS 2147483645
  PCTINCREASE 0 FREELISTS 1 FREELIST GROUPS 1 BUFFER_POOL DEFAULT FLASH_CACHE DEFAULT CELL_FLASH_CACHE DEFAULT)) ;
--------------------------------------------------------
--  DDL for Table SERVICES
--------------------------------------------------------

  CREATE TABLE "CATERING"."SERVICES" 
   (	"PRODUCT_ID" VARCHAR2(20 BYTE), 
	"SERVICE_TYPE" VARCHAR2(20 BYTE), 
	"SERVICE_DESCRIPTION" VARCHAR2(20 BYTE)
   ) SEGMENT CREATION IMMEDIATE 
  PCTFREE 10 PCTUSED 40 INITRANS 1 MAXTRANS 255 NOCOMPRESS LOGGING
  STORAGE(INITIAL 65536 NEXT 1048576 MINEXTENTS 1 MAXEXTENTS 2147483645
  PCTINCREASE 0 FREELISTS 1 FREELIST GROUPS 1 BUFFER_POOL DEFAULT FLASH_CACHE DEFAULT CELL_FLASH_CACHE DEFAULT)
  TABLESPACE "SYSTEM" ;
--------------------------------------------------------
--  DDL for Table STAFF
--------------------------------------------------------

  CREATE TABLE "CATERING"."STAFF" 
   (	"STAFF_ID" VARCHAR2(30 BYTE), 
	"STAFF_NAME" VARCHAR2(20 BYTE), 
	"STAFF_ADDRESS" VARCHAR2(20 BYTE), 
	"STAFF_PHONE" VARCHAR2(20 BYTE), 
	"STAFF_IC" VARCHAR2(20 BYTE), 
	"STAFF_PASSWORD" VARCHAR2(20 BYTE)
   ) SEGMENT CREATION IMMEDIATE 
  PCTFREE 10 PCTUSED 40 INITRANS 1 MAXTRANS 255 NOCOMPRESS LOGGING
  STORAGE(INITIAL 65536 NEXT 1048576 MINEXTENTS 1 MAXEXTENTS 2147483645
  PCTINCREASE 0 FREELISTS 1 FREELIST GROUPS 1 BUFFER_POOL DEFAULT FLASH_CACHE DEFAULT CELL_FLASH_CACHE DEFAULT)
  TABLESPACE "SYSTEM" ;
REM INSERTING into CATERING.CUSTOMER
SET DEFINE OFF;
Insert into CATERING.CUSTOMER (CUST_ID,CUST_NAME,CUST_ADDRESS,CUST_PHONE,CUST_PASSWORD) values ('aimanhaikal013@gmail.com','Aiman Haikal Azman','No. 36, Jalan Putra Perdana 6/6, Taman Putra Perdana, 47130 Puchong, Selangor','0192311971','test');
Insert into CATERING.CUSTOMER (CUST_ID,CUST_NAME,CUST_ADDRESS,CUST_PHONE,CUST_PASSWORD) values ('anisafiqah@gmail.com','Anis','Uitm Jasin, Melaka','0115456789','anisafiqah');
REM INSERTING into CATERING.FOODS
SET DEFINE OFF;
Insert into CATERING.FOODS (PRODUCT_ID,FOOD_TYPE) values ('F001','Nasi');
Insert into CATERING.FOODS (PRODUCT_ID,FOOD_TYPE) values ('F002','Nasi');
Insert into CATERING.FOODS (PRODUCT_ID,FOOD_TYPE) values ('F003','Nasi');
Insert into CATERING.FOODS (PRODUCT_ID,FOOD_TYPE) values ('F004','Nasi');
Insert into CATERING.FOODS (PRODUCT_ID,FOOD_TYPE) values ('F005','Nasi');
Insert into CATERING.FOODS (PRODUCT_ID,FOOD_TYPE) values ('F101','Daging');
Insert into CATERING.FOODS (PRODUCT_ID,FOOD_TYPE) values ('F102','Daging');
Insert into CATERING.FOODS (PRODUCT_ID,FOOD_TYPE) values ('F103','Daging');
Insert into CATERING.FOODS (PRODUCT_ID,FOOD_TYPE) values ('F104','Daging');
Insert into CATERING.FOODS (PRODUCT_ID,FOOD_TYPE) values ('F201','Ayam');
Insert into CATERING.FOODS (PRODUCT_ID,FOOD_TYPE) values ('F202','Ayam');
Insert into CATERING.FOODS (PRODUCT_ID,FOOD_TYPE) values ('F203','Ayam');
Insert into CATERING.FOODS (PRODUCT_ID,FOOD_TYPE) values ('F301','Sayur');
Insert into CATERING.FOODS (PRODUCT_ID,FOOD_TYPE) values ('F302','Sayur');
Insert into CATERING.FOODS (PRODUCT_ID,FOOD_TYPE) values ('F303','Sayur');
Insert into CATERING.FOODS (PRODUCT_ID,FOOD_TYPE) values ('F401','Minuman');
Insert into CATERING.FOODS (PRODUCT_ID,FOOD_TYPE) values ('F402','Minuman');
Insert into CATERING.FOODS (PRODUCT_ID,FOOD_TYPE) values ('F403','Minuman');
Insert into CATERING.FOODS (PRODUCT_ID,FOOD_TYPE) values ('F404','Minuman');
Insert into CATERING.FOODS (PRODUCT_ID,FOOD_TYPE) values ('F405','Minuman');
Insert into CATERING.FOODS (PRODUCT_ID,FOOD_TYPE) values ('F406','Minuman');
REM INSERTING into CATERING.ORDERITEM
SET DEFINE OFF;
Insert into CATERING.ORDERITEM (ORDER_ID,PRODUCT_ID,PRODUCT_UNITQUANTITY) values (42,'F002',1);
Insert into CATERING.ORDERITEM (ORDER_ID,PRODUCT_ID,PRODUCT_UNITQUANTITY) values (42,'F001',1);
Insert into CATERING.ORDERITEM (ORDER_ID,PRODUCT_ID,PRODUCT_UNITQUANTITY) values (42,'F103',1);
Insert into CATERING.ORDERITEM (ORDER_ID,PRODUCT_ID,PRODUCT_UNITQUANTITY) values (42,'F202',1);
Insert into CATERING.ORDERITEM (ORDER_ID,PRODUCT_ID,PRODUCT_UNITQUANTITY) values (42,'F301',1);
Insert into CATERING.ORDERITEM (ORDER_ID,PRODUCT_ID,PRODUCT_UNITQUANTITY) values (42,'F404',1);
Insert into CATERING.ORDERITEM (ORDER_ID,PRODUCT_ID,PRODUCT_UNITQUANTITY) values (42,'F406',1);
Insert into CATERING.ORDERITEM (ORDER_ID,PRODUCT_ID,PRODUCT_UNITQUANTITY) values (42,'S002',1);
Insert into CATERING.ORDERITEM (ORDER_ID,PRODUCT_ID,PRODUCT_UNITQUANTITY) values (42,'S101',1);
Insert into CATERING.ORDERITEM (ORDER_ID,PRODUCT_ID,PRODUCT_UNITQUANTITY) values (42,'T001',1);
Insert into CATERING.ORDERITEM (ORDER_ID,PRODUCT_ID,PRODUCT_UNITQUANTITY) values (43,'F003',1);
Insert into CATERING.ORDERITEM (ORDER_ID,PRODUCT_ID,PRODUCT_UNITQUANTITY) values (43,'F101',1);
Insert into CATERING.ORDERITEM (ORDER_ID,PRODUCT_ID,PRODUCT_UNITQUANTITY) values (43,'F405',1);
Insert into CATERING.ORDERITEM (ORDER_ID,PRODUCT_ID,PRODUCT_UNITQUANTITY) values (44,'F201',1);
REM INSERTING into CATERING.ORDERS
SET DEFINE OFF;
Insert into CATERING.ORDERS (ORDER_ID,ORDER_TOTALAMOUNT,ORDER_DATE,ORDER_ADDRESS,ORDER_STATUS,CUST_ID) values (44,40,to_date('22/01/2022','DD/MM/RRRR'),'Universiti Teknologi MARA Cawangan Melaka Kampus Jasin, Jalan Lembah Kesang 1/1-2, Kampung Seri Mendapat, 77300 Merlimau, Melaka','Request','aimanhaikal013@gmail.com');
Insert into CATERING.ORDERS (ORDER_ID,ORDER_TOTALAMOUNT,ORDER_DATE,ORDER_ADDRESS,ORDER_STATUS,CUST_ID) values (42,1198,to_date('19/02/2022','DD/MM/RRRR'),'No. 36, Jalan Putra Perdana 6/6, Taman Putra Perdana, 47130 Puchong, Selangor','Confirmed','aimanhaikal013@gmail.com');
Insert into CATERING.ORDERS (ORDER_ID,ORDER_TOTALAMOUNT,ORDER_DATE,ORDER_ADDRESS,ORDER_STATUS,CUST_ID) values (43,95,to_date('29/01/2022','DD/MM/RRRR'),'Masjid Taman Putra Perdana, Bulatan Putra Perdana, Taman Putra Perdana, 47100 Puchong, Selangor','Processing','aimanhaikal013@gmail.com');
REM INSERTING into CATERING.PRODUCTS
SET DEFINE OFF;
Insert into CATERING.PRODUCTS (PRODUCT_ID,PRODUCT_NAME,PRODUCT_UNITPRICE,PRODUCT_TYPE,STAFF_ID) values ('F003','Nasi Hujan Panas',25,'Food','admin@gmail.com');
Insert into CATERING.PRODUCTS (PRODUCT_ID,PRODUCT_NAME,PRODUCT_UNITPRICE,PRODUCT_TYPE,STAFF_ID) values ('F004','Nasi Tomato',25,'Food','admin@gmail.com');
Insert into CATERING.PRODUCTS (PRODUCT_ID,PRODUCT_NAME,PRODUCT_UNITPRICE,PRODUCT_TYPE,STAFF_ID) values ('F005','Nasi Briyani',25,'Food','admin@gmail.com');
Insert into CATERING.PRODUCTS (PRODUCT_ID,PRODUCT_NAME,PRODUCT_UNITPRICE,PRODUCT_TYPE,STAFF_ID) values ('F101','Daging Dendeng',50,'Food','admin@gmail.com');
Insert into CATERING.PRODUCTS (PRODUCT_ID,PRODUCT_NAME,PRODUCT_UNITPRICE,PRODUCT_TYPE,STAFF_ID) values ('F102','Daging Kurma',50,'Food','admin@gmail.com');
Insert into CATERING.PRODUCTS (PRODUCT_ID,PRODUCT_NAME,PRODUCT_UNITPRICE,PRODUCT_TYPE,STAFF_ID) values ('F001','Nasi Putih',13,'Food','admin@gmail.com');
Insert into CATERING.PRODUCTS (PRODUCT_ID,PRODUCT_NAME,PRODUCT_UNITPRICE,PRODUCT_TYPE,STAFF_ID) values ('F002','Nasi Minyak',25,'Food','admin@gmail.com');
Insert into CATERING.PRODUCTS (PRODUCT_ID,PRODUCT_NAME,PRODUCT_UNITPRICE,PRODUCT_TYPE,STAFF_ID) values ('F103','Daging Briyani',50,'Food','admin@gmail.com');
Insert into CATERING.PRODUCTS (PRODUCT_ID,PRODUCT_NAME,PRODUCT_UNITPRICE,PRODUCT_TYPE,STAFF_ID) values ('F104','Daging Rendang',50,'Food','admin@gmail.com');
Insert into CATERING.PRODUCTS (PRODUCT_ID,PRODUCT_NAME,PRODUCT_UNITPRICE,PRODUCT_TYPE,STAFF_ID) values ('F201','Ayam Goreng Berempah',40,'Food','admin@gmail.com');
Insert into CATERING.PRODUCTS (PRODUCT_ID,PRODUCT_NAME,PRODUCT_UNITPRICE,PRODUCT_TYPE,STAFF_ID) values ('F202','Ayam Merah',50,'Food','admin@gmail.com');
Insert into CATERING.PRODUCTS (PRODUCT_ID,PRODUCT_NAME,PRODUCT_UNITPRICE,PRODUCT_TYPE,STAFF_ID) values ('F203','Ayam Rendang',50,'Food','admin@gmail.com');
Insert into CATERING.PRODUCTS (PRODUCT_ID,PRODUCT_NAME,PRODUCT_UNITPRICE,PRODUCT_TYPE,STAFF_ID) values ('F301','Jelatah',20,'Food','admin@gmail.com');
Insert into CATERING.PRODUCTS (PRODUCT_ID,PRODUCT_NAME,PRODUCT_UNITPRICE,PRODUCT_TYPE,STAFF_ID) values ('F302','Acar Buah',20,'Food','admin@gmail.com');
Insert into CATERING.PRODUCTS (PRODUCT_ID,PRODUCT_NAME,PRODUCT_UNITPRICE,PRODUCT_TYPE,STAFF_ID) values ('F303','Pajeri Bombay',20,'Food','admin@gmail.com');
Insert into CATERING.PRODUCTS (PRODUCT_ID,PRODUCT_NAME,PRODUCT_UNITPRICE,PRODUCT_TYPE,STAFF_ID) values ('F401','Kopi Panas',20,'Food','admin@gmail.com');
Insert into CATERING.PRODUCTS (PRODUCT_ID,PRODUCT_NAME,PRODUCT_UNITPRICE,PRODUCT_TYPE,STAFF_ID) values ('F402','Kopi Ais',20,'Food','admin@gmail.com');
Insert into CATERING.PRODUCTS (PRODUCT_ID,PRODUCT_NAME,PRODUCT_UNITPRICE,PRODUCT_TYPE,STAFF_ID) values ('F403','Teh Ais',20,'Food','admin@gmail.com');
Insert into CATERING.PRODUCTS (PRODUCT_ID,PRODUCT_NAME,PRODUCT_UNITPRICE,PRODUCT_TYPE,STAFF_ID) values ('F404','Teh Tarik',20,'Food','admin@gmail.com');
Insert into CATERING.PRODUCTS (PRODUCT_ID,PRODUCT_NAME,PRODUCT_UNITPRICE,PRODUCT_TYPE,STAFF_ID) values ('F405','Teh O Panas',20,'Food','admin@gmail.com');
Insert into CATERING.PRODUCTS (PRODUCT_ID,PRODUCT_NAME,PRODUCT_UNITPRICE,PRODUCT_TYPE,STAFF_ID) values ('F406','Teh O Ais',20,'Food','admin@gmail.com');
Insert into CATERING.PRODUCTS (PRODUCT_ID,PRODUCT_NAME,PRODUCT_UNITPRICE,PRODUCT_TYPE,STAFF_ID) values ('S001','Canopy Arabian',350,'Service','admin@gmail.com');
Insert into CATERING.PRODUCTS (PRODUCT_ID,PRODUCT_NAME,PRODUCT_UNITPRICE,PRODUCT_TYPE,STAFF_ID) values ('S002','Canopy Pyramid',300,'Service','admin@gmail.com');
Insert into CATERING.PRODUCTS (PRODUCT_ID,PRODUCT_NAME,PRODUCT_UNITPRICE,PRODUCT_TYPE,STAFF_ID) values ('S101','DJ',500,'Service','admin@gmail.com');
Insert into CATERING.PRODUCTS (PRODUCT_ID,PRODUCT_NAME,PRODUCT_UNITPRICE,PRODUCT_TYPE,STAFF_ID) values ('T001','Rectangle Table',200,'Service','aiman013@gmail.com');
REM INSERTING into CATERING.SERVICES
SET DEFINE OFF;
Insert into CATERING.SERVICES (PRODUCT_ID,SERVICE_TYPE,SERVICE_DESCRIPTION) values ('T001','Table','Table');
Insert into CATERING.SERVICES (PRODUCT_ID,SERVICE_TYPE,SERVICE_DESCRIPTION) values ('S001','Canopy','Canopy Arabian');
Insert into CATERING.SERVICES (PRODUCT_ID,SERVICE_TYPE,SERVICE_DESCRIPTION) values ('S002','Canopy','Canopy Pyramid');
Insert into CATERING.SERVICES (PRODUCT_ID,SERVICE_TYPE,SERVICE_DESCRIPTION) values ('S101','DJ','DJ');
REM INSERTING into CATERING.STAFF
SET DEFINE OFF;
Insert into CATERING.STAFF (STAFF_ID,STAFF_NAME,STAFF_ADDRESS,STAFF_PHONE,STAFF_IC,STAFF_PASSWORD) values ('admin@gmail.com','admin','Kajang','0102053027','9999999999999','admin');
Insert into CATERING.STAFF (STAFF_ID,STAFF_NAME,STAFF_ADDRESS,STAFF_PHONE,STAFF_IC,STAFF_PASSWORD) values ('aiman013@gmail.com','Aiman','Puchong','0123456789','990409145555','test');
--------------------------------------------------------
--  DDL for Index CUSTOMER_PK1
--------------------------------------------------------

  CREATE UNIQUE INDEX "CATERING"."CUSTOMER_PK1" ON "CATERING"."CUSTOMER" ("CUST_ID") 
  PCTFREE 10 INITRANS 2 MAXTRANS 255 COMPUTE STATISTICS 
  STORAGE(INITIAL 65536 NEXT 1048576 MINEXTENTS 1 MAXEXTENTS 2147483645
  PCTINCREASE 0 FREELISTS 1 FREELIST GROUPS 1 BUFFER_POOL DEFAULT FLASH_CACHE DEFAULT CELL_FLASH_CACHE DEFAULT)
  TABLESPACE "SYSTEM" ;
--------------------------------------------------------
--  DDL for Index FOODS_PK
--------------------------------------------------------

  CREATE UNIQUE INDEX "CATERING"."FOODS_PK" ON "CATERING"."FOODS" ("PRODUCT_ID") 
  PCTFREE 10 INITRANS 2 MAXTRANS 255 COMPUTE STATISTICS 
  STORAGE(INITIAL 65536 NEXT 1048576 MINEXTENTS 1 MAXEXTENTS 2147483645
  PCTINCREASE 0 FREELISTS 1 FREELIST GROUPS 1 BUFFER_POOL DEFAULT FLASH_CACHE DEFAULT CELL_FLASH_CACHE DEFAULT)
  TABLESPACE "SYSTEM" ;
--------------------------------------------------------
--  DDL for Index ORDERS_PK
--------------------------------------------------------

  CREATE UNIQUE INDEX "CATERING"."ORDERS_PK" ON "CATERING"."ORDERS" ("ORDER_ID") 
  PCTFREE 10 INITRANS 2 MAXTRANS 255 COMPUTE STATISTICS 
  STORAGE(INITIAL 65536 NEXT 1048576 MINEXTENTS 1 MAXEXTENTS 2147483645
  PCTINCREASE 0 FREELISTS 1 FREELIST GROUPS 1 BUFFER_POOL DEFAULT FLASH_CACHE DEFAULT CELL_FLASH_CACHE DEFAULT)
  TABLESPACE "SYSTEM" ;
--------------------------------------------------------
--  DDL for Index PRODUCTS_PK
--------------------------------------------------------

  CREATE UNIQUE INDEX "CATERING"."PRODUCTS_PK" ON "CATERING"."PRODUCTS" ("PRODUCT_ID") 
  PCTFREE 10 INITRANS 2 MAXTRANS 255 COMPUTE STATISTICS 
  STORAGE(INITIAL 65536 NEXT 1048576 MINEXTENTS 1 MAXEXTENTS 2147483645
  PCTINCREASE 0 FREELISTS 1 FREELIST GROUPS 1 BUFFER_POOL DEFAULT FLASH_CACHE DEFAULT CELL_FLASH_CACHE DEFAULT)
  TABLESPACE "SYSTEM" ;
--------------------------------------------------------
--  DDL for Index SERVICES_PK
--------------------------------------------------------

  CREATE UNIQUE INDEX "CATERING"."SERVICES_PK" ON "CATERING"."SERVICES" ("PRODUCT_ID") 
  PCTFREE 10 INITRANS 2 MAXTRANS 255 COMPUTE STATISTICS 
  STORAGE(INITIAL 65536 NEXT 1048576 MINEXTENTS 1 MAXEXTENTS 2147483645
  PCTINCREASE 0 FREELISTS 1 FREELIST GROUPS 1 BUFFER_POOL DEFAULT FLASH_CACHE DEFAULT CELL_FLASH_CACHE DEFAULT)
  TABLESPACE "SYSTEM" ;
--------------------------------------------------------
--  DDL for Trigger ORDERS_TRG
--------------------------------------------------------

  CREATE OR REPLACE TRIGGER "CATERING"."ORDERS_TRG" 
BEFORE INSERT ON ORDERS 
FOR EACH ROW 
BEGIN
  <<COLUMN_SEQUENCES>>
  BEGIN
    IF INSERTING AND :NEW.ORDER_ID IS NULL THEN
      SELECT ORDERS_SEQ.NEXTVAL INTO :NEW.ORDER_ID FROM SYS.DUAL;
    END IF;
  END COLUMN_SEQUENCES;
END;
/
ALTER TRIGGER "CATERING"."ORDERS_TRG" ENABLE;
--------------------------------------------------------
--  Constraints for Table CUSTOMER
--------------------------------------------------------

  ALTER TABLE "CATERING"."CUSTOMER" MODIFY ("CUST_PASSWORD" NOT NULL ENABLE);
  ALTER TABLE "CATERING"."CUSTOMER" MODIFY ("CUST_PHONE" NOT NULL ENABLE);
  ALTER TABLE "CATERING"."CUSTOMER" MODIFY ("CUST_ADDRESS" NOT NULL ENABLE);
  ALTER TABLE "CATERING"."CUSTOMER" MODIFY ("CUST_ID" NOT NULL ENABLE);
  ALTER TABLE "CATERING"."CUSTOMER" ADD CONSTRAINT "CUSTOMER_PK" PRIMARY KEY ("CUST_ID")
  USING INDEX PCTFREE 10 INITRANS 2 MAXTRANS 255 COMPUTE STATISTICS 
  STORAGE(INITIAL 65536 NEXT 1048576 MINEXTENTS 1 MAXEXTENTS 2147483645
  PCTINCREASE 0 FREELISTS 1 FREELIST GROUPS 1 BUFFER_POOL DEFAULT FLASH_CACHE DEFAULT CELL_FLASH_CACHE DEFAULT)
  TABLESPACE "SYSTEM"  ENABLE;
  ALTER TABLE "CATERING"."CUSTOMER" MODIFY ("CUST_NAME" NOT NULL ENABLE);
--------------------------------------------------------
--  Constraints for Table FOODS
--------------------------------------------------------

  ALTER TABLE "CATERING"."FOODS" ADD CONSTRAINT "FOODS_PK" PRIMARY KEY ("PRODUCT_ID")
  USING INDEX PCTFREE 10 INITRANS 2 MAXTRANS 255 COMPUTE STATISTICS 
  STORAGE(INITIAL 65536 NEXT 1048576 MINEXTENTS 1 MAXEXTENTS 2147483645
  PCTINCREASE 0 FREELISTS 1 FREELIST GROUPS 1 BUFFER_POOL DEFAULT FLASH_CACHE DEFAULT CELL_FLASH_CACHE DEFAULT)
  TABLESPACE "SYSTEM"  ENABLE;
  ALTER TABLE "CATERING"."FOODS" MODIFY ("PRODUCT_ID" NOT NULL ENABLE);
--------------------------------------------------------
--  Constraints for Table ORDERS
--------------------------------------------------------

  ALTER TABLE "CATERING"."ORDERS" ADD CONSTRAINT "ORDERS_PK" PRIMARY KEY ("ORDER_ID")
  USING INDEX PCTFREE 10 INITRANS 2 MAXTRANS 255 COMPUTE STATISTICS 
  STORAGE(INITIAL 65536 NEXT 1048576 MINEXTENTS 1 MAXEXTENTS 2147483645
  PCTINCREASE 0 FREELISTS 1 FREELIST GROUPS 1 BUFFER_POOL DEFAULT FLASH_CACHE DEFAULT CELL_FLASH_CACHE DEFAULT)
  TABLESPACE "SYSTEM"  ENABLE;
  ALTER TABLE "CATERING"."ORDERS" MODIFY ("CUST_ID" NOT NULL ENABLE);
  ALTER TABLE "CATERING"."ORDERS" MODIFY ("ORDER_STATUS" NOT NULL ENABLE);
  ALTER TABLE "CATERING"."ORDERS" MODIFY ("ORDER_ADDRESS" NOT NULL ENABLE);
  ALTER TABLE "CATERING"."ORDERS" MODIFY ("ORDER_DATE" NOT NULL ENABLE);
  ALTER TABLE "CATERING"."ORDERS" MODIFY ("ORDER_TOTALAMOUNT" NOT NULL ENABLE);
  ALTER TABLE "CATERING"."ORDERS" MODIFY ("ORDER_ID" NOT NULL ENABLE);
--------------------------------------------------------
--  Constraints for Table PRODUCTS
--------------------------------------------------------

  ALTER TABLE "CATERING"."PRODUCTS" MODIFY ("STAFF_ID" NOT NULL ENABLE);
  ALTER TABLE "CATERING"."PRODUCTS" ADD CONSTRAINT "PRODUCTS_PK" PRIMARY KEY ("PRODUCT_ID")
  USING INDEX PCTFREE 10 INITRANS 2 MAXTRANS 255 COMPUTE STATISTICS 
  STORAGE(INITIAL 65536 NEXT 1048576 MINEXTENTS 1 MAXEXTENTS 2147483645
  PCTINCREASE 0 FREELISTS 1 FREELIST GROUPS 1 BUFFER_POOL DEFAULT FLASH_CACHE DEFAULT CELL_FLASH_CACHE DEFAULT)
  TABLESPACE "SYSTEM"  ENABLE;
  ALTER TABLE "CATERING"."PRODUCTS" MODIFY ("PRODUCT_ID" NOT NULL ENABLE);
--------------------------------------------------------
--  Constraints for Table SERVICES
--------------------------------------------------------

  ALTER TABLE "CATERING"."SERVICES" ADD CONSTRAINT "SERVICES_PK" PRIMARY KEY ("PRODUCT_ID")
  USING INDEX PCTFREE 10 INITRANS 2 MAXTRANS 255 COMPUTE STATISTICS 
  STORAGE(INITIAL 65536 NEXT 1048576 MINEXTENTS 1 MAXEXTENTS 2147483645
  PCTINCREASE 0 FREELISTS 1 FREELIST GROUPS 1 BUFFER_POOL DEFAULT FLASH_CACHE DEFAULT CELL_FLASH_CACHE DEFAULT)
  TABLESPACE "SYSTEM"  ENABLE;
  ALTER TABLE "CATERING"."SERVICES" MODIFY ("PRODUCT_ID" NOT NULL ENABLE);
--------------------------------------------------------
--  Constraints for Table STAFF
--------------------------------------------------------

  ALTER TABLE "CATERING"."STAFF" MODIFY ("STAFF_NAME" NOT NULL ENABLE);
  ALTER TABLE "CATERING"."STAFF" MODIFY ("STAFF_ID" NOT NULL ENABLE);
